Pr. No.,MODBUS,Description,Unit,Data,Default,Min,Max,Attribute,,,
*****,*****,0:Display,*****,*****,*****,*****,*****,*****,,,
F00-00,0000H,Speed Command,RPM,,0,0,19650,READ|CHG|DOT0,,,
F00-01,0001H,Output Speed,RPM,,0,0,19650,READ|CHG|DOT0,,,
F00-02,0002H,Vbus Voltage,Vdc,,0,0,6553.5,READ|DOT1,,,
F00-03,0003H,Output Current,Amps,,0,0,655.35,READ|DOT2,,,
F00-04,0004H,Output Voltage,Vac,,0,0,6553.5,READ|DOT1,,,
F00-05,0005H,Power factor,deg,,0,0,6553.5,READ|DOT1,,,
F00-06,0006H,Output Power,kW,,0,-327.68,327.67,READ|SIGN|DOT2,,,
F00-07,0007H,Process Display,,,0,0,65535,READ|DOT0,,,
F00-08,0008H,Motor Speed,RPM,,0,0,19650,READ|CHG|DOT0,,,
F00-09,0009H,Output Torque,%,,0,-3276.8,3276.7,READ|SIGN|DOT1,,,
F00-10,000AH,PG Feedback,,,0,0,65535,READ|DOT0,,,
F00-11,000BH,Electrical Angle,deg,,0,0,6553.5,READ|DOT1,,,
F00-12,000CH,Analog Input,%,,0,0,6553.5,READ|DOT1,,,
F00-13,000DH,Heatsink Temperature,Cels,,0,-3276.8,3276.7,READ|SIGN|DOT1,,,
F00-14,000EH,IGBT Temperature,Cels,,0,-3276.8,3276.7,READ|SIGN|DOT1,,,
F00-15,000FH,MI1~MI16 State,Hex,,0x0000,0x0000,0xFFFF,READ|DOT0|DPH,,,
F00-16,0010H,MI17~MI24 State,Hex,,0x0000,0x0000,0xFFFF,READ|DOT0|DPH,,,
F00-17,0011H,MI25~MI36 State,Hex,,0x0000,0x0000,0xFFFF,READ|DOT0|DPH,,,
F00-18,0012H,RY1~RY16 State,Hex,,0x0000,0x0000,0xFFFF,READ|DOT0|DPH,,,
F00-19,0013H,Multi-speed,Hex,,0,0,65535,READ|DOT0,,,
F00-20,0014H,Drive State,Hex,,0x0000,0x0000,0xFFFF,READ|DOT0|DPH,,,
F00-21,0015H,Error Code,,,0,0,65535,READ|DOT0,,,
F00-22,0016H,Warn Code,,,0,0,65535,READ|DOT0,,,
F00-23,0017H,Car Status1,,,0x0000,0x0000,0xFFFF,READ|DOT0|DPH,,,
F00-24,0018H,PitchError,,,0,0,65535,READ|DOT0,,,
F00-25,0019H,Car Mode,,,0,0,65535,READ|DOT0,,,
F00-26,001AH,Power on Counter,,,0,0,65535,READ|DOT0,,,
F00-27,001BH,1PT100 Temperature,,,0,-50,200,READ|SIGN|DOT1,,,
F00-28,001CH,2PT100 Temperature,,,0,-50,200,READ|SIGN|DOT1,,,
F00-29,001DH,3PT100 Temperature,,,0,-50,200,READ|SIGN|DOT1,,,
F00-30,001EH,Capcitor Voltage,,,0,0,65535,READ|DOT1,,,
F00-31,001FH,Motor RUN MIN,,,0,0,65535,READ|DOT0,,,
F00-32,0020H,Motor RUN DAYS,,,0,0,65535,READ|DOT0,,,
F00-33,0021H,1st Fault Record,,,0,0,65535,READ|DOT0,,,
F00-34,0022H,2st Fault Record,,,0,0,65535,READ|DOT0,,,
F00-35,0023H,3st Fault Record,,,0,0,65535,READ|DOT0,,,
F00-36,0024H,4st Fault Record,,,0,0,65535,READ|DOT0,,,
F00-37,0025H,5st Fault Record,,,0,0,65535,READ|DOT0,,,
F00-38,0026H,6st Fault Record,,,0,0,65535,READ|DOT0,,,
F00-39,0027H,XXXXX,,,0,0,65535,READ|DOT0,,,
F00-40,0028H,RealayOFF,,,0,0,65535,READ|DOT0,,,
F00-41,0029H,XXXXX,,,0,0,65535,READ|DOT0,,,
F00-42,002AH,XXXXX,,,0,0,65535,READ|DOT0,,,
F00-43,002BH,XXXXX,,,0,0,65535,READ|DOT0,,,
F00-44,002CH,XXXXX,,,0,0,65535,READ|DOT0,,,
F00-45,002DH,XXXXX,,,0,0,65535,READ|DOT0,,,
F00-46,002EH,XXXXX,m,,0,0,65535,READ|DOT0,,,
F00-47,002FH,XXXXX,mm,,0,0,999.9,READ|DOT1,,,
F00-48,0030H,XXXXX,,,0,0,65535,READ|DOT0,,,
F00-49,0031H,XXXXX,,,0,0,65535,READ|DOT0,,,
F00-50,0032H,XXXXX,,,0,0,65535,READ|DOT0,,,
F00-51,0033H,XXXXX,,,0,0,65535,READ|DOT0,,,
F00-52,0034H,XXXXX,,,0,0,65535,READ|DOT0,,,
F00-53,0035H,XXXXX,,,0,0,65535,READ|DOT0,,,
F00-54,0036H,HCB Comm. Status 1,,,0,0,65535,READ|DOT0,,,
F00-55,0037H,HCB Comm. Status 2,,,0,0,65535,READ|DOT0,,,
F00-56,0038H,HCB Comm. Status 3,,,0,0,65535,READ|DOT0,,,
F00-57,0039H,XXXXX,,,0,0,65535,READ|DOT0,,,
F00-58,003AH,XXXXX,,,0,0,65535,READ|DOT0,,,
F00-59,003BH,XXXXX,,,0,0,65535,READ|DOT0,,,
F00-60,003CH,ERR 1st Fault Record,,,0,0,65535,READ|DOT0,,,
F00-61,003DH,ERR 1st Fault Time HOUR.MIN.,,,0,0,655.35,READ|DOT2,,,
F00-62,003EH,ERR 1st Fault Time MON.DAY,,,0,0,655.35,READ|DOT2,,,
F00-63,003FH,ERR Speed Command,Hz,,0,0,655.35,READ|DOT2,,,
F00-64,0040H,ERR Output Voltage,Vac,,0,0,6553.5,READ|DOT1,,,
F00-65,0041H,ERR Vbus Voltage,Vdc,,0,0,6553.5,READ|DOT1,,,
F00-66,0042H,ERR Output Speed,Hz,,0,0,655.35,READ|DOT2,,,
F00-67,0043H,ERR Output Current,AMP,,0,0,655.35,READ|DOT2,,,
F00-68,0044H,ERR Motor Speed,Hz,,0,0,655.35,READ|DOT2,,,
F00-69,0045H,ERR Output Power,kW,,0,-327.68,327.67,READ|SIGN|DOT2,,,
F00-70,0046H,ERR Output Torque,%,,"0.00	",-3276.8,3276.7,READ|SIGN|DOT1,,,
F00-71,0047H,ERR FWD/REV/MI1~MI State,Hex,,0x0000,0x0000,0xFFFF,READ|DOT0|DPH,,,
F00-72,0048H,ERR MI9~MI22 State,Hex,,0x0000,0x0000,0xFFFF,READ|DOT0|DPH,,,
F00-73,0049H,ERR MI23~MI34 State,Hex,,0x0000,0x0000,0xFFFF,READ|DOT0|DPH,,,
F00-74,004AH,ERR RY1~RY16 State,Hex,,0x0000,0x0000,0xFFFF,READ|DOT0|DPH,,,
F00-75,004BH,ERR Drive State,Hex,,0x0000,0x0000,0xFFFF,READ|DOT0|DPH,,,
F00-76,004CH,ERR 2nd Fault Record,,,0,0,65535,READ|DOT0,,,
F00-77,004DH,ERR 2nd Fault Time ,,,0,0,655.35,READ|DOT2,,,
F00-78,004EH,ERR 2nd Fault Time ,,,0,0,655.35,READ|DOT2,,,
F00-79,004FH,ERR 3rd Fault Record,,,0,0,65535,READ|DOT0,,,
F00-80,0050H,ERR 3rd Fault Time ,,,0,0,655.35,READ|DOT2,,,
F00-81,0051H,ERR 3rd Fault Time ,,,0,0,655.35,READ|DOT2,,,
F00-82,0052H,ERR 4th Fault Record,,,0,0,65535,READ|DOT0,,,
F00-83,0053H,ERR 4th Fault Time ,,,0,0,655.35,READ|DOT2,,,
F00-84,0054H,ERR 4th Fault Time ,,,0,0,655.35,READ|DOT2,,,
F00-85,0055H,ERR 5th Fault Record,,,0,0,65535,READ|DOT0,,,
F00-86,0056H,ERR 5th Fault Time ,,,0,0,655.35,READ|DOT2,,,
F00-87,0057H,ERR 5th Fault Time ,,,0,0,655.35,READ|DOT2,,,
F00-88,0058H,ERR 6th Fault Record,,,0,0,65535,READ|DOT0,,,
F00-89,0059H,ERR 6th Fault Time ,,,0,0,655.35,READ|DOT2,,,
F00-90,005AH,ERR 6th Fault Time ,,,0,0,655.35,READ|DOT2,,,
F00-91,005BH,Display DATA,,,0,0,65535,READ|DOT0,,,
F00-92,005CH,Power ON MIN,Mins,,0,0,65535,READ|DOT0,,,
F00-93,005DH,Power ON DAY,Days,,0,0,65535,READ|DOT0,,,
F00-94,005EH,Drive Rated Current,Amps,,0,0,655.35,S2EEP|RLD|READ|DOT2,,,
F00-95,005FH,Drive Firmware Version,,,0,0,655.35,S2EEP|RLD|READ|DOT2,,,
*****,*****,1:System,*****,*****,*****,*****,32768,*****,,,
F01-00,0100H,Model type of Drive ,,,0,0,65535,S2EEP|READ|DOT0,,,
F01-01,0101H,Parameter Reset,,,0,0,65535,S2EEP|RLD|DOT0,,,
F01-02,0102H,Control Methods,,,0,0,8,RLD|DOT0,,,
F01-03,0103H,System Control,Hex,,0x0000,0x0000,0xFFFF,RLD|DOT0|DPH,,,
F01-04,0104H,Car Speed,RPM,,30,3,120,CHG|RLD|WRUN|DOT0,,,
F01-05,0105H,Max Output Freq.,,,100,10,400,RLD|DOT2,,,
F01-06,0106H,Password Input,,,0,0,65535,S2EEP|WRUN|DOT0,,,
F01-07,0107H,Password Input,,,0,0,65535,S2EEP|WRUN|DOT0,,,
F01-08,0108H,Carry Frequency,,,12,2,15,RLD|WRUN|DOT0,,,
F01-09,0109H,Auto Voltage Regulation,,,0,0,2,RLD|WRUN|DOT0,,,
F01-10,010AH,Cooling fan control,,,2,0,4,RLD|WRUN|DOT0,,,
F01-11,010BH,Car Acceleration,RPM,,22,6,60,CHG|RLD|WRUN|DOT0,,,
F01-12,010CH,Car Acc. Current,AMP,,150,50,200,RLD|WRUN|DOT0,,,
F01-13,010DH,Memory Address,,,0x0000,0x0000,0xFFFF,WRUN|DOT0|DPH,,,
F01-14,010EH,Real-Time Hour.Min,,,0,0,23.59,WRUN|DOT2|S2EEP,,,
F01-15,010FH,Real-Time Week,,,0,0,6,WRUN|DOT0|S2EEP,,,
F01-16,0110H,Real-Time Month.Day,,,1.01,1.01,12.31,WRUN|DOT2|S2EEP,,,
F01-17,0111H,Real-Time Year,,,0,0,99,WRUN|DOT0|S2EEP,,,
*****,*****,2:Motor,*****,*****,*****,*****,32768,*****,,,
F02-00,0200H,Motor Auto-Tuning,,,0,0,10,S2EEP|RLD|DOT0,,,
F02-01,0201H,Motor Rated Current,Amps,,19.6,0,655.35,RLD|DOT2,,,
F02-02,0202H,Motor Rated Power,kW,,9.2,0,655.35,RLD|DOT2,,,
F02-03,0203H,Motor Rated RPM,RPM,,1465,0,65535,RLD|DOT0,,,
F02-04,0204H,Motor Poles,,,4,2,96,RLD|JMP|DOT0,,,
F02-05,0205H,Z-Offset Angle,deg,,360,0,360,RLD|DOT1,,,
F02-06,0206H,Change Output Dir,,,0,0,1,RLD|DOT0,,,
F02-07,0207H,Encoder Types,,,1,0,6,RLD|DOT0,,,
F02-08,0208H,PG Encoder Pulses,,,2048,1,25000,RLD|DOT0,,,
F02-09,0209H,PG Input Setting,,,1,0,5,RLD|DOT0,,,
F02-10,020AH,UVW Mode,,,0,0,1,RLD|DOT0,,,
F02-11,020BH,Motor Base Freq 1 ,Hz,,50,0,400,RLD|JMP|DOT2,,,
F02-12,020CH,Max Output Voltage 1,V,,380,0,510,RLD|JMP|V440|DOT1,,,
F02-13,020DH,Motor No-Load,,,11.64,0,655.35,RLD|DOT2,,,
F02-14,020EH,Motor Rs,??,,0.773,0,65.535,RLD|DOT3,,,
F02-15,020FH,Motor Rr,??,,0.435,0,65.535,RLD|DOT3,,,
F02-16,0210H,Motor Lm,mH,,106.6,0,6553.5,RLD|DOT1,,,
F02-17,0211H,Motor Lx,mH,,18.1,0,6553.5,RLD|DOT1,,,
F02-18,0212H,Back EMF,Vrms,,0,0,6553.5,RLD|V440|DOT1,,,
F02-19,0213H,Position Align,,,0,0,2,S2EEP|RLD|DOT0,,,
F02-20,0214H,Vector Voltage LPG,sec,,0.02,0.001,10,RLD|WRUN|DOT3,,,
F02-21,0215H,Vector Slip LPG,sec,,0.1,0.001,10,RLD|WRUN|DOT3,,,
F02-22,0216H,Torque Compensation Gain ,,,0,0,10,RLD|WRUN|DOT0,,,
F02-23,0217H,Slip Compensation Gain,,,0,0,10,RLD|WRUN|DOT2,,,
F02-24,0218H,Slip deviation level,,,0,0,1000,RLD|WRUN|DOT0,,,
F02-25,0219H,Slip deviation detect time ,sec,,1,0,10,RLD|WRUN|DOT1,,,
F02-26,021AH,Over Slip treatment,,,0,0,2,RLD|WRUN|DOT0,,,
F02-27,021BH,Hunting Gain,,,2000,0,10000,RLD|WRUN|DOT0,,,
F02-28,021CH,Accumulative Motor Operation,min,,0,0,1439,RLD|DOT0,,,
F02-29,021DH,Accumulative Motor Operation,days,,0,0,65535,RLD|DOT0,,,
F02-30,021EH,Mid Output Freq.1-1 ,Hz,,0.5,0,400,RLD|DOT2,,,
F02-31,021FH,Mid Output Voltage 1-1 ,Vac,,10,0,480,RLD|WRUN|V440|DOT1,,,
F02-32,0220H,Mid Output Freq. 1-2 ,Hz,,0.5,0,400,RLD|DOT2,,,
F02-33,0221H,Mid Output Voltage 1-2 ,Vac,,10,0,480,RLD|WRUN|V440|DOT1,,,
F02-34,0222H,Min Output Freq. 1,Hz,,0,0,400,RLD|DOT2,,,
F02-35,0223H,Min Output Voltage 1 ,Vac,,10,0,480,RLD|DOT1|WRUN|V440,,,
F02-36,0224H,Start Freq.,Hz,,15,0,12000,CHG|RLD|DOT0,,,
*****,*****,3:Input/Output Terminal,*****,*****,*****,*****,*****,*****,,,
F03-00,0300H,Multi-Function Input 1 ,,,20,0,43,RLD|DOT0,,,
F03-01,0301H,Multi-Function Input 2 ,,,18,0,43,RLD|DOT0,,,
F03-02,0302H,Multi-Function Input 3 ,,,19,0,43,RLD|DOT0,,,
F03-03,0303H,Multi-Function Input 4 ,,,21,0,43,RLD|DOT0,,,
F03-04,0304H,Multi-Function Input 5 ,,,42,0,43,RLD|DOT0,,,
F03-05,0305H,Multi-Function Input 6 ,,,22,0,43,RLD|DOT0,,,
F03-06,0306H,Multi-Function Input 7 ,,,0,0,43,RLD|DOT0,,,
F03-07,0307H,Multi-Function Input 8 ,,,0,0,43,RLD|DOT0,,,
F03-08,0308H,Multi-Function Input 9 ,,,0,0,43,RLD|DOT0,,,
F03-09,0309H,Multi-Function Input 10 ,,,0,0,43,RLD|DOT0,,,
F03-10,030AH,Multi-Function Input 11 ,,,0,0,43,RLD|DOT0,,,
F03-11,030BH,Multi-Function Input 12 ,,,0,0,43,RLD|DOT0,,,
F03-12,030CH,Multi-Function Input 13 ,,,0,0,43,RLD|DOT0,,,
F03-13,030DH,Multi-Function Input 14 ,,,0,0,43,RLD|DOT0,,,
F03-14,030EH,Multi-Function Input 15 ,,,0,0,43,RLD|DOT0,,,
F03-15,030FH,Multi-Function Input 16 ,,,0,0,43,RLD|DOT0,,,
F03-16,0310H,Multi-Function Input 17 ,,,0,0,43,RLD|DOT0,,,
F03-17,0311H,Multi-Function Input 18 ,,,0,0,43,RLD|DOT0,,,
F03-18,0312H,Multi-Function Input 19 ,,,0,0,43,RLD|DOT0,,,
F03-19,0313H,Multi-Function Input 20 ,,,0,0,43,RLD|DOT0,,,
F03-20,0314H,Multi-Function Input 21 ,,,0,0,43,RLD|DOT0,,,
F03-21,0315H,Multi-Function Input 22 ,,,0,0,43,RLD|DOT0,,,
F03-22,0316H,Multi-Function Input 23 ,,,0,0,43,RLD|DOT0,,,
F03-23,0317H,Multi-Function Input 24 ,,,0,0,43,RLD|DOT0,,,
F03-24,0318H,Multi-Function Input 25 ,,,0,0,43,RLD|DOT0,,,
F03-25,0319H,Multi-Function Input 26 ,,,0,0,43,RLD|DOT0,,,
F03-26,031AH,Multi-Function Input 27 ,,,0,0,43,RLD|DOT0,,,
F03-27,031BH,Multi-Function Input 28 ,,,0,0,43,RLD|DOT0,,,
F03-28,031CH,Multi-Function Input 29 ,,,0,0,43,RLD|DOT0,,,
F03-29,031DH,Multi-Function Input 30 ,,,0,0,43,RLD|DOT0,,,
F03-30,031EH,Multi-Function Input 31 ,,,0,0,43,RLD|DOT0,,,
F03-31,031FH,Multi-Function Input 32 ,,,0,0,43,RLD|DOT0,,,
F03-32,0320H,Multi-Function Input 33 ,,,0,0,43,RLD|DOT0,,,
F03-33,0321H,Multi-Function Input 34 ,,,0,0,43,RLD|DOT0,,,
F03-34,0322H,Multi-Function Input 33 ,,,0,0,43,RLD|DOT0,,,
F03-35,0323H,Multi-Function Input 34 ,,,0,0,43,RLD|DOT0,,,
F03-36,0324H,Multi-Input active,,,0,0,65535,RLD|WRUN|DOT0,,,
F03-37,0325H,Multi-Input active,,,0,0,65535,RLD|WRUN|DOT0,,,
F03-38,0326H,Multi-Input active,,,0,0,65535,RLD|WRUN|DOT0,,,
F03-39,0327H,Digital Input Responding Time,,,0.005,0.001,30,RLD|WRUN|DOT3,,,
F03-40,0328H,Multi-Funct. Relay 1,,,12,0,41,RLD|WRUN|DOT0,,,
F03-41,0329H,Multi-Funct. Relay 2,,,0,0,41,RLD|WRUN|DOT0,,,
F03-42,032AH,Multi-Funct. Relay 3,,,0,0,41,RLD|WRUN|DOT0,,,
F03-43,032BH,Multi-Funct. Relay 4,,,0,0,41,RLD|WRUN|DOT0,,,
F03-44,032CH,Multi-Funct. Relay 5,,,11,0,41,RLD|WRUN|DOT0,,,
F03-45,032DH,Multi-Funct. Relay 6,,,12,0,41,RLD|WRUN|DOT0,,,
F03-46,032EH,Multi-Funct. Relay 7,,,0,0,41,RLD|WRUN|DOT0,,,
F03-47,032FH,Multi-Funct. Relay 8,,,0,0,41,RLD|WRUN|DOT0,,,
F03-48,0330H,Multi-Funct. Relay 9,,,0,0,41,RLD|WRUN|DOT0,,,
F03-49,0331H,Multi-Funct. Relay 10,,,0,0,41,RLD|WRUN|DOT0,,,
F03-50,0332H,Multi-Funct. Relay 11,,,0,0,41,RLD|WRUN|DOT0,,,
F03-51,0333H,Multi-Funct. Relay 12,,,0,0,41,RLD|WRUN|DOT0,,,
F03-52,0334H,Multi-Funct. Relay 13,,,0,0,41,RLD|WRUN|DOT0,,,
F03-53,0335H,Multi-Funct. Relay 14,,,0,0,41,RLD|WRUN|DOT0,,,
F03-54,0336H,Multi-Funct. Relay 15,,,0,0,41,RLD|WRUN|DOT0,,,
F03-55,0337H,Multi-Funct. Relay 16,,,0,0,41,RLD|WRUN|DOT0,,,
F03-56,0338H,Multi-Output active,,,0,0,65536,RLD|WRUN|DOT0,,,
F03-57,0339H,AUI1 Selection,,,1,0,10,RLD|WRUN|DOT0,,,
F03-58,033AH,AUI1 Input Bias,,,0,-100,100,SIGN|RLD|WRUN|DOT1,,,
F03-59,033BH,AUI1 Input Gain,,,100,-500,500,SIGN|RLD|WRUN|DOT1,,,
F03-60,033CH,Torque Offset Selection,,,0,0,3,RLD|WRUN|DOT0,,,
*****,*****,4:Floor Position,*****,*****,*****,*****,32768,*****,,,
F04-00,0400H,Bed Length,,,0,0,999.9,RLD|DOT1,,,
F04-01,0401H,Gap Length,,,0,0,999.9,RLD|DOT1,,,
F04-02,0402H,1st_H,,,0,0,9999,RLD|DOT0,,,
F04-03,0403H,1st_L,,,0,0,999.9,RLD|DOT1,,,
F04-04,0404H,2nd_H,,,0,0,9999,RLD|DOT0,,,
F04-05,0405H,2nd_L,,,0,0,999.9,RLD|DOT1,,,
F04-06,0406H,3TH_H,,,0,0,9999,RLD|DOT0,,,
F04-07,0407H,3TH_L,,,0,0,999.9,RLD|DOT1,,,
F04-08,0408H,4TH_H,,,0,0,9999,RLD|DOT0,,,
F04-09,0409H,4TH_L,,,0,0,999.9,RLD|DOT1,,,
F04-10,040AH,5TH_H,,,0,0,9999,RLD|DOT0,,,
F04-11,040BH,5TH_L,,,0,0,999.9,RLD|DOT1,,,
F04-12,040CH,6TH_H,,,0,0,9999,RLD|DOT0,,,
F04-13,040DH,6TH_L,,,0,0,999.9,RLD|DOT1,,,
F04-14,040EH,7TH_H,,,0,0,9999,RLD|DOT0,,,
F04-15,040FH,7TH_L,,,0,0,999.9,RLD|DOT1,,,
F04-16,0410H,8TH_H,,,0,0,9999,RLD|DOT0,,,
F04-17,0411H,8TH_L,,,0,0,999.9,RLD|DOT1,,,
F04-18,0412H,9TH_H,,,0,0,9999,RLD|DOT0,,,
F04-19,0413H,9TH_L,,,0,0,999.9,RLD|DOT1,,,
F04-20,0414H,10TH_H,,,0,0,9999,RLD|DOT0,,,
F04-21,0415H,10TH_L,,,0,0,999.9,RLD|DOT1,,,
F04-22,0416H,11TH_H,,,0,0,9999,RLD|DOT0,,,
F04-23,0417H,11TH_L,,,0,0,999.9,RLD|DOT1,,,
F04-24,0418H,12TH_H,,,0,0,9999,RLD|DOT0,,,
F04-25,0419H,12TH_L,,,0,0,999.9,RLD|DOT1,,,
F04-26,041AH,13TH_H,,,0,0,9999,RLD|DOT0,,,
F04-27,041BH,13TH_L,,,0,0,999.9,RLD|DOT1,,,
F04-28,041CH,14TH_H,,,0,0,9999,RLD|DOT0,,,
F04-29,041DH,14TH_L,,,0,0,999.9,RLD|DOT1,,,
F04-30,041EH,15TH_H,,,0,0,9999,RLD|DOT0,,,
F04-31,041FH,15TH_L,,,0,0,999.9,RLD|DOT1,,,
F04-32,0420H,16TH_H,,,0,0,9999,RLD|DOT0,,,
F04-33,0421H,16TH_L,,,0,0,999.9,RLD|DOT1,,,
F04-34,0422H,17TH_H,,,0,0,9999,RLD|DOT0,,,
F04-35,0423H,17TH_L,,,0,0,999.9,RLD|DOT1,,,
F04-36,0424H,18TH_H,,,0,0,9999,RLD|DOT0,,,
F04-37,0425H,18TH_L,,,0,0,999.9,RLD|DOT1,,,
F04-38,0426H,19TH_H,,,0,0,9999,RLD|DOT0,,,
F04-39,0427H,19TH_L,,,0,0,999.9,RLD|DOT1,,,
F04-40,0428H,20TH_H,,,0,0,9999,RLD|DOT0,,,
F04-41,0429H,20TH_L,,,0,0,999.9,RLD|DOT1,,,
F04-42,042AH,21TH_H,,,0,0,9999,RLD|DOT0,,,
F04-43,042BH,21TH_L,,,0,0,999.9,RLD|DOT1,,,
F04-44,042CH,22TH_H,,,0,0,9999,RLD|DOT0,,,
F04-45,042DH,22TH_L,,,0,0,999.9,RLD|DOT1,,,
F04-46,042EH,23TH_H,,,0,0,9999,RLD|DOT0,,,
F04-47,042FH,23TH_L,,,0,0,999.9,RLD|DOT1,,,
F04-48,0430H,24TH_H,,,0,0,9999,RLD|DOT0,,,
F04-49,0431H,24TH_L,,,0,0,999.9,RLD|DOT1,,,
F04-50,0432H,25TH_H,,,0,0,9999,RLD|DOT0,,,
F04-51,0433H,25TH_L,,,0,0,999.9,RLD|DOT1,,,
F04-52,0434H,26TH_H,,,0,0,9999,RLD|DOT0,,,
F04-53,0435H,26TH_L,,,0,0,999.9,RLD|DOT1,,,
F04-54,0436H,27TH_H,,,0,0,9999,RLD|DOT0,,,
F04-55,0437H,27TH_L,,,0,0,999.9,RLD|DOT1,,,
F04-56,0438H,28TH_H,,,0,0,9999,RLD|DOT0,,,
F04-57,0439H,28TH_L,,,0,0,999.9,RLD|DOT1,,,
F04-58,043AH,29TH_H,,,0,0,9999,RLD|DOT0,,,
F04-59,043BH,29TH_L,,,0,0,999.9,RLD|DOT1,,,
F04-60,043CH,30TH_H,,,0,0,9999,RLD|DOT0,,,
F04-61,043DH,30TH_L,,,0,0,999.9,RLD|DOT1,,,
F04-62,043EH,31TH_H,,,0,0,9999,RLD|DOT0,,,
F04-63,043FH,31TH_L,,,0,0,999.9,RLD|DOT1,,,
F04-64,0440H,32TH_H,,,0,0,9999,RLD|DOT0,,,
F04-65,0441H,32TH_L,,,0,0,999.9,RLD|DOT1,,,
F04-66,0442H,33TH_H,,,0,0,9999,RLD|DOT0,,,
F04-67,0443H,33TH_L,,,0,0,999.9,RLD|DOT1,,,
F04-68,0444H,34TH_H,,,0,0,9999,RLD|DOT0,,,
F04-69,0445H,34TH_L,,,0,0,999.9,RLD|DOT1,,,
F04-70,0446H,35TH_H,,,0,0,9999,RLD|DOT0,,,
F04-71,0447H,35TH_L,,,0,0,999.9,RLD|DOT1,,,
F04-72,0448H,36TH_H,,,0,0,9999,RLD|DOT0,,,
F04-73,0449H,36TH_L,,,0,0,999.9,RLD|DOT1,,,
F04-74,044AH,37TH_H,,,0,0,9999,RLD|DOT0,,,
F04-75,044BH,37TH_L,,,0,0,999.9,RLD|DOT1,,,
F04-76,044CH,38TH_H,,,0,0,9999,RLD|DOT0,,,
F04-77,044DH,38TH_L,,,0,0,999.9,RLD|DOT1,,,
F04-78,044EH,39TH_H,,,0,0,9999,RLD|DOT0,,,
F04-79,044FH,39TH_L,,,0,0,999.9,RLD|DOT1,,,
F04-80,0450H,40TH_H,,,0,0,9999,RLD|DOT0,,,
F04-81,0451H,40TH_L,,,0,0,999.9,RLD|DOT1,,,
F04-82,0452H,41TH_H,,,0,0,9999,RLD|DOT0,,,
F04-83,0453H,41TH_L,,,0,0,999.9,RLD|DOT1,,,
F04-84,0454H,42TH_H,,,0,0,9999,RLD|DOT0,,,
F04-85,0455H,42TH_L,,,0,0,999.9,RLD|DOT1,,,
F04-86,0456H,43TH_H,,,0,0,9999,RLD|DOT0,,,
F04-87,0457H,43TH_L,,,0,0,999.9,RLD|DOT1,,,
F04-88,0458H,44TH_H,,,0,0,9999,RLD|DOT0,,,
F04-89,0459H,44TH_L,,,0,0,999.9,RLD|DOT1,,,
F04-90,045AH,45TH_H,,,0,0,9999,RLD|DOT0,,,
F04-91,045BH,45TH_L,,,0,0,999.9,RLD|DOT1,,,
F04-92,045CH,46TH_H,,,0,0,9999,RLD|DOT0,,,
F04-93,045DH,46TH_L,,,0,0,999.9,RLD|DOT1,,,
F04-94,045EH,47TH_H,,,0,0,9999,RLD|DOT0,,,
F04-95,045FH,47TH_L,,,0,0,999.9,RLD|DOT1,,,
*****,*****,5:Floor Display,,*****,*****,*****,32768,*****,,,
F05-00,0500H,1display,,,1,0,9999,RLD|DOT0,,,
F05-01,0501H,2display,,,2,0,9999,RLD|DOT0,,,
F05-02,0502H,3display,,,3,0,9999,RLD|DOT0,,,
F05-03,0503H,4display,,,4,0,9999,RLD|DOT0,,,
F05-04,0504H,5display,,,5,0,9999,RLD|DOT0,,,
F05-05,0505H,6display,,,6,0,9999,RLD|DOT0,,,
F05-06,0506H,7display,,,7,0,9999,RLD|DOT0,,,
F05-07,0507H,8display,,,8,0,9999,RLD|DOT0,,,
F05-08,0508H,9display,,,9,0,9999,RLD|DOT0,,,
F05-09,0509H,10display,,,100,0,9999,RLD|DOT0,,,
F05-10,050AH,11display,,,101,0,9999,RLD|DOT0,,,
F05-11,050BH,12display,,,102,0,9999,RLD|DOT0,,,
F05-12,050CH,13display,,,103,0,9999,RLD|DOT0,,,
F05-13,050DH,14display,,,104,0,9999,RLD|DOT0,,,
F05-14,050EH,15display,,,105,0,9999,RLD|DOT0,,,
F05-15,050FH,16display,,,106,0,9999,RLD|DOT0,,,
F05-16,0510H,17display,,,107,0,9999,RLD|DOT0,,,
F05-17,0511H,18display,,,108,0,9999,RLD|DOT0,,,
F05-18,0512H,19display,,,109,0,9999,RLD|DOT0,,,
F05-19,0513H,20display,,,200,0,9999,RLD|DOT0,,,
F05-20,0514H,21display,,,201,0,9999,RLD|DOT0,,,
F05-21,0515H,22display,,,202,0,9999,RLD|DOT0,,,
F05-22,0516H,23display,,,203,0,9999,RLD|DOT0,,,
F05-23,0517H,24display,,,204,0,9999,RLD|DOT0,,,
F05-24,0518H,25display,,,205,0,9999,RLD|DOT0,,,
F05-25,0519H,26display,,,206,0,9999,RLD|DOT0,,,
F05-26,051AH,27display,,,207,0,9999,RLD|DOT0,,,
F05-27,051BH,28display,,,208,0,9999,RLD|DOT0,,,
F05-28,051CH,29display,,,209,0,9999,RLD|DOT0,,,
F05-29,051DH,30display,,,300,0,9999,RLD|DOT0,,,
F05-30,051EH,31display,,,301,0,9999,RLD|DOT0,,,
F05-31,051FH,32display,,,302,0,9999,RLD|DOT0,,,
F05-32,0520H,33display,,,303,0,9999,RLD|DOT0,,,
F05-33,0521H,34display,,,304,0,9999,RLD|DOT0,,,
F05-34,0522H,35display,,,305,0,9999,RLD|DOT0,,,
F05-35,0523H,36display,,,306,0,9999,RLD|DOT0,,,
F05-36,0524H,37display,,,307,0,9999,RLD|DOT0,,,
F05-37,0525H,38display,,,308,0,9999,RLD|DOT0,,,
F05-38,0526H,39display,,,309,0,9999,RLD|DOT0,,,
F05-39,0527H,40display,,,400,0,9999,RLD|DOT0,,,
F05-40,0528H,41display,,,401,0,9999,RLD|DOT0,,,
F05-41,0529H,42display,,,402,0,9999,RLD|DOT0,,,
F05-42,052AH,43display,,,403,0,9999,RLD|DOT0,,,
F05-43,052BH,44display,,,404,0,9999,RLD|DOT0,,,
F05-44,052CH,45display,,,405,0,9999,RLD|DOT0,,,
F05-45,052DH,46display,,,406,0,9999,RLD|DOT0,,,
F05-46,052EH,47display,,,407,0,9999,RLD|DOT0,,,
*****,*****,6:Elevator Profile,*****,*****,*****,*****,32768,*****,,,
F06-00,0600H,1th Accel Time,,,20,0,6000,RLD|WRUN|DOT1,,,
F06-01,0601H,1th Decel Time,,,20,0,6000,RLD|WRUN|DOT1,,,
F06-02,0602H,2nd Decel Time,,,20,0,6000,RLD|WRUN|DOT1,,,
F06-03,0603H,S Curve Accel Time1,,,10,0,250,RLD|WRUN|DOT1,,,
F06-04,0604H,S Curve Accel Time2,,,10,0,250,RLD|WRUN|DOT1,,,
F06-05,0605H,S Curve Decel Time1,,,10,0,250,RLD|WRUN|DOT1,,,
F06-06,0606H,S Curve Decel Time2,,,10,0,250,RLD|WRUN|DOT1,,,
F06-07,0607H,Stop Decel Time,,,1,0,6000,RLD|WRUN|DOT1,,,
F06-08,0608H,Multi Speed0,RPM,,0,0,12000,CHG|RLD|WRUN|DOT0,,,
F06-09,0609H,Multi Speed1,RPM,,30,0,12000,CHG|RLD|WRUN|DOT0,,,
F06-10,060AH,Multi Speed2,RPM,,150,0,12000,CHG|RLD|WRUN|DOT0,,,
F06-11,060BH,Multi Speed3,RPM,,150,0,12000,CHG|RLD|WRUN|DOT0,,,
F06-12,060CH,Multi Speed4,RPM,,150,0,12000,CHG|RLD|WRUN|DOT0,,,
F06-13,060DH,Multi Speed5,RPM,,450,0,12000,CHG|RLD|WRUN|DOT0,,,
F06-14,060EH,Multi Speed6,RPM,,30,0,12000,CHG|RLD|WRUN|DOT0,,,
F06-15,060FH,Brake Run Delay Time,,,0.25,0,65,RLD|DOT3,,,
F06-16,0610H,Brake Stop Delay Time,,,0.25,0,65,RLD|DOT3,,,
F06-17,0611H,Mech Cont Run Delay Time,,,0.2,0,65,RLD|WRUN|DOT3,,,
F06-18,0612H,Mech Cont Open Delay Time,,,0.2,0,65,RLD|WRUN|DOT3,,,
F06-19,0613H,DCI Current Level,,,0,0,100,RLD|WRUN|DOT0,,,
F06-20,0614H,DCI Time at start,,,0.7,0,60,RLD|WRUN|DOT1,,,
F06-21,0615H,DCI Time at stop,,,0.7,0,60,RLD|WRUN|DOT1,,,
F06-22,0616H,Torque decrease time ,,,0,0,5,RLD|WRUN|DOT3,,,
F06-23,0617H,Low Lim Switch Pos H,,,0,0,9999,RLD|DOT0,,,
F06-24,0618H,Low Lim Switch Pos L,,,0,0,999.9,RLD|DOT1,,,
F06-25,0619H,Low Slow Switch1 Dis H,,,0,0,9999,RLD|DOT0,,,
F06-26,061AH,Low Slow Switch1 Dis L,,,0,0,999.9,RLD|DOT1,,,
F06-27,061BH,Low Slow Switch2 Dis H,,,0,0,9999,RLD|DOT0,,,
F06-28,061CH,Low Slow Switch2 Dis L,,,0,0,999.9,RLD|DOT1,,,
F06-29,061DH,Low Slow Switch3 Dis H,,,0,0,9999,RLD|DOT0,,,
F06-30,061EH,Low Slow Switch3 Dis L,,,0,0,999.9,RLD|DOT1,,,
F06-31,061FH,Upp Lim Switch Pos H,,,0,0,9999,RLD|DOT0,,,
F06-32,0620H,Upp Lim Switch Pos L,,,0,0,999.9,RLD|DOT1,,,
F06-33,0621H,Upp Slow Switch1 Dis H,,,0,0,9999,RLD|DOT0,,,
F06-34,0622H,Upp Slow Switch1 Dis L,,,0,0,999.9,RLD|DOT1,,,
F06-35,0623H,Upp Slow Switch2 Dis H,,,0,0,9999,RLD|DOT0,,,
F06-36,0624H,Upp Slow Switch2 Dis L,,,0,0,999.9,RLD|DOT1,,,
F06-37,0625H,Upp Slow Switch3 Dis H,,,0,0,9999,RLD|DOT0,,,
F06-38,0626H,Upp Slow Switch3 Dis L,,,0,0,999.9,RLD|DOT1,,,
F06-39,0627H,S Cureve Decel Corr Dis,,,100,0,6000,RLD|DOT1,,,
*****,*****,7:Speed Regulator,*****,*****,*****,*****,32768,*****,,,
F07-00,0700H,Inertia Percent,%,,40,1,300,RLD|WRUN|DOT0,,,
F07-01,0701H,Zero Speed Loop BW ,Hz,,10,1,40,RLD|WRUN|DOT0,,,
F07-02,0702H,Low Speed Loop BW ,Hz,,10,1,40,RLD|WRUN|DOT0,,,
F07-03,0703H,High Speed Loop BW,Hz,,10,1,40,RLD|WRUN|DOT0,,,
F07-04,0704H,Zero Speed Stop Loop BW ,Hz,,10,1,40,RLD|WRUN|DOT0,,,
F07-05,0705H,Zero Speed ASR Kp,,,100,0,1000,RLD|WRUN|DOT1,,,
F07-06,0706H,Zero Speed ASR Ki,sec,,0.1,0,10,RLD|WRUN|DOT3,,,
F07-07,0707H,Low Speed ASR Kp,,,100,0,1000,RLD|WRUN|DOT1,,,
F07-08,0708H,Low Speed ASR Ki,sec,,0.1,0,10,RLD|WRUN|DOT3,,,
F07-09,0709H,High Speed ASR Kp,,,100,0,1000,RLD|WRUN|DOT1,,,
F07-10,070AH,High Speed ASR Ki,sec,,0.1,0,10,RLD|WRUN|DOT3,,,
F07-11,070BH,Zero Speed ASR Stop Kp,,,100,0,1000,RLD|WRUN|DOT1,,,
F07-12,070CH,Zero Speed ASR Stop Ki,sec,,0.1,0,10,RLD|WRUN|DOT3,,,
F07-13,070DH,ASR1/2 Switch Freq. ,RPM,,210,0,12000,CHG|RLD|WRUN|DOT0,,,
F07-14,070EH,Primary LPG,sec,,0.008,0,0.35,RLD|WRUN|DOT3,,,
F07-15,070FH,Zero/ASR1 Band,RPM,,150,0,12000,CHG|RLD|WRUN|DOT0,,,
F07-16,0710H,ASR1/ASR2 Band,RPM,,150,0,12000,CHG|RLD|WRUN|DOT0,,,
F07-17,0711H,FWD Motor Tq LIM,%,,200,0,300,RLD|WRUN|DOT0,,,
F07-18,0712H,FWD Reg Tq LIM,%,,200,0,300,RLD|WRUN|DOT0,,,
F07-19,0713H,REV Motor Tq LIM,%,,200,0,300,RLD|WRUN|DOT0,,,
F07-20,0714H,REV Reg Tq LIM,%,,200,0,300,RLD|WRUN|DOT0,,,
F07-21,0715H,Speed Loop PDFF Kr,%,,30,0,200,RLD|WRUN|DOT0,,,
F07-22,0716H,Speed FFD GAIN,%,,0,0,500,RLD|WRUN|DOT0,,,
F07-23,0717H,POS Control Time,sec,,0.25,0,65.535,RLD|WRUN|DOT3,,,
F07-24,0718H,START POS Kp,,,80,0,655,RLD|WRUN|DOT2,,,
F07-25,0719H,START POS LPG ,sec,,0.004,0.OOO,65.535,RLD|WRUN|DOT3,,,
F07-26,071AH,LANDING POS Kp ,,,7,0,655,RLD|WRUN|DOT2,,,
F07-27,071BH,LANDING POS LPG,sec,,0.18,0,1,RLD|WRUN|DOT3,,,
F07-28,071CH,PPI Speed ASR Kp,,,100,0,1000,RLD|WRUN|DOT1,,,
F07-29,071DH,PPI Speed ASR Ki,sec,,0.1,0,10,RLD|WRUN|DOT3,,,
*****,*****,8:LIFT Function,*****,*****,*****,*****,*****,*****,,,
F08-00,0800H,H_display,,,5,1,47,RLD|DOT0,,,
F08-01,0801H,L_display,,,1,1,47,RLD|DOT0,,,
F08-02,0802H,The lift station,,,1,1,47,RLD|DOT0,,,
F08-03,0803H,Fire station,,,1,1,47,RLD|DOT0,,,
F08-04,0804H,A lock staircase base station,,,1,1,47,RLD|DOT0,,,
F08-05,0805H,The service layer1,,,0,0,65535,RLD|DOT0,,,
F08-06,0806H,The service layer2,,,0,0,65535,RLD|DOT0,,,
F08-07,0807H,The service layer3,,,0,0,65535,RLD|DOT0,,,
F08-08,0808H,Group number,,,1,1,8,RLD|DOT0,,,
F08-09,0809H,Lift number,,,1,1,8,RLD|DOT0,,,
F08-10,080AH,Parallel selection,,,0,0,65535,RLD|DOT0,,,
F08-11,080BH,Leveling sensor delay,,,14,10,50,RLD|DOT0,,,
F08-12,080CH,The security layer,,,1,1,47,RLD|DOT0,,,
F08-13,080DH,Set selection mode,,,0,0,2,RLD|DOT0,,,
F08-14,080EH,The next1 set start time,,,0,0,23.59,RLD|DOT2,,,
F08-15,080FH,The next1 end time,,,0,0,23.59,RLD|DOT2,,,
F08-16,0810H,The next2 set start time,,,0,0,2359,RLD|DOT0,,,
F08-17,0811H,The next2 end time,,,0,0,2359,RLD|DOT0,,,
F08-18,0812H,Time-sharing services1 Start time,,,0,0,2359,RLD|DOT0,,,
F08-19,0813H,Time-sharing services1 end time,,,0,0,2359,RLD|DOT0,,,
F08-20,0814H,Time-sharing services1 display1,,,0,0,65535,RLD|DOT0,,,
F08-21,0815H,Time-sharing services1 display2,,,0,0,65535,RLD|DOT0,,,
F08-22,0816H,Time-sharing services1 display3,,,0,0,65535,RLD|DOT0,,,
F08-23,0817H,Time-sharing services2 Start time,,,0,0,23.59,RLD|DOT2,,,
F08-24,0818H,Time-sharing services2 end time,,,0,0,23.59,RLD|DOT2,,,
F08-25,0819H,Time-sharing services2 display1,,,0,0,65535,RLD|DOT0,,,
F08-26,081AH,Time-sharing services2 display2,,,0,0,65535,RLD|DOT0,,,
F08-27,081BH,Time-sharing services2 display3,,,0,0,65535,RLD|DOT0,,,
F08-28,081CH,The peak1 start time,,,0,0,23.59,RLD|DOT2,,,
F08-29,081DH,The peak1 end time,,,0,0,23.59,RLD|DOT2,,,
F08-30,081EH,The peak1 display,,,1,1,47,RLD|DOT0,,,
F08-31,081FH,The peak2 start time,,,0,0,23.59,RLD|DOT2,,,
F08-32,0820H,The peak2 end time,,,0,0,23.59,RLD|DOT2,,,
F08-33,0821H,The peak2 display,,,1,1,47,RLD|DOT0,,,
F08-34,0822H,The test floor1,,,0,0,47,WRUN|RLD|DOT0,,,
F08-35,0823H,The test floor2,,,0,0,47,WRUN|RLD|DOT0,,,
F08-36,0824H,The test floor3,,,0,0,47,WRUN|RLD|DOT0,,,
F08-37,0825H,Test Level Command Counts,,,0,0,255,WRUN|RLD|DOT0,,,
F08-38,0826H,Hcb Operation Enable,,,0,0,1,WRUN|RLD|DOT0,,,
F08-39,0827H,Door Buttons Enable,,,0,0,1,WRUN|RLD|DOT0,,,
F08-40,0828H,Weight Full Test,,,0,0,1,WRUN|RLD|DOT0,,,
F08-41,0829H,Limit Switches Enable,,,0,0,1,WRUN|RLD|DOT0,,,
F08-42,082AH,Auto Level Delete,,,0,0,1,WRUN|RLD|DOT0,,,
F08-43,082BH,EPS Speed,RPM,,0,0,12000,CHG|RLD|WRUN|DOT0,,,
F08-44,082CH,EPS Enable,,,0,0,1,RLD|DOT0,,,
F08-45,082DH,Return to Base Level Time,,,10,0,240,RLD|DOT0,,,
F08-46,082EH,Fan Light Hold Time,,,2,0,240,RLD|DOT0,,,
F08-47,082FH,Between Leveling Timeout,,,45,0,45,RLD|DOT0,,,
F08-48,0830H,User Definition 1,,,0,0,65535,RLD|DOT0,,,
F08-49,0831H,User Definition 2,,,0,0,65535,RLD|DOT0,,,
F08-50,0832H,Well Tune Control,,,0,0,1,WRUN|RLD|DOT0,,,
F08-51,0833H,Error Auto Reset Max Count,,,0,0,30000,RLD|DOT0,,,
F08-52,0834H,Error Auto Reset Intervals,,,0,0,60,RLD|DOT0,,,
*****,*****,9:DOOR Function,*****,*****,*****,*****,32768,*****,,,
F09-00,0900H,Door Counts,,,0,0,1,RLD|DOT0,,,
F09-01,0901H,Software Version,,,0,0,99,READ|DOT0,,,
F09-02,0902H,Door1 Served Level1,,,0,0,65535,RLD|DOT0,,,
F09-03,0903H,Door1 Served Level2,,,0,0,65535,RLD|DOT0,,,
F09-04,0904H,Door1 Served Level3,,,0,0,65535,RLD|DOT0,,,
F09-05,0905H,Door2 Served Level1,,,0,0,65535,RLD|DOT0,,,
F09-06,0906H,Door2 Served Level2,,,0,0,65535,RLD|DOT0,,,
F09-07,0907H,Door2 Served Level3,,,0,0,65535,RLD|DOT0,,,
F09-08,0908H,Door Open Timeout,,,10,5,99,RLD|DOT0,,,
F09-09,0909H,Door Close Timeout,,,15,5,99,RLD|DOT0,,,
F09-10,090AH,Door Open Close Max,,,0,0,20,RLD|DOT0,,,
F09-11,090BH,Door Control at Base Level,,,0,0,1,RLD|DOT0,,,
F09-12,090CH,Open Time Hcb Cmd,,,5,1,30,RLD|DOT0,,,
F09-13,090DH,Open Time Car Cmd,,,3,1,30,RLD|DOT0,,,
F09-14,090EH,Open Time at Base Level,,,10,1,30,RLD|DOT0,,,
F09-15,090FH,Time After Door Open,,,0,0,1000,RLD|DOT0,,,
*****,*****,10:Car Terminals,*****,*****,*****,*****,32768,*****,,,
F10-00,0A00H,CTB Multi-Func Input 1 ,,,1,0,43,RLD|DOT0,,,
F10-01,0A01H,CTB Multi-Func Input 2 ,,,2,0,43,RLD|DOT0,,,
F10-02,0A02H,CTB Multi-Func Input 3 ,,,3,0,43,RLD|DOT0,,,
F10-03,0A03H,CTB Multi-Func Input 4 ,,,5,0,43,RLD|DOT0,,,
F10-04,0A04H,CTB Multi-Func Input 5 ,,,6,0,43,RLD|DOT0,,,
F10-05,0A05H,CTB Multi-Func Input 6 ,,,7,0,43,RLD|DOT0,,,
F10-06,0A06H,CTB Multi-Func Input 7 ,,,9,0,43,RLD|DOT0,,,
F10-07,0A07H,CTB Multi-Func Input 8 ,,,10,0,43,RLD|DOT0,,,
F10-08,0A08H,CTB Multi-Func Input 9 ,,,0,0,43,RLD|DOT0,,,
F10-09,0A09H,CTB Multi-Func Input 10 ,,,0,0,43,RLD|DOT0,,,
F10-10,0A0AH,CTB Multi-Func Input 11 ,,,0,0,43,RLD|DOT0,,,
F10-11,0A0BH,CTB Multi-Func Input 12 ,,,0,0,43,RLD|DOT0,,,
F10-12,0A0CH,CTB Multi-Func Input 13 ,,,0,0,43,RLD|DOT0,,,
F10-13,0A0DH,CTB Multi-Func Input 14 ,,,0,0,43,RLD|DOT0,,,
F10-14,0A0EH,CTB Multi-Func Input 15 ,,,0,0,43,RLD|DOT0,,,
F10-15,0A0FH,CTB Multi-Func Input 16 ,,,0,0,43,RLD|DOT0,,,
F10-16,0A10H,CTB Multi-Func Input 17 ,,,11,0,43,RLD|DOT0,,,
F10-17,0A11H,CTB Multi-Func Input 18 ,,,12,0,43,RLD|DOT0,,,
F10-18,0A12H,CTB Multi-Func Input 19 ,,,13,0,43,RLD|DOT0,,,
F10-19,0A13H,CTB Multi-Func Input 20 ,,,14,0,43,RLD|DOT0,,,
F10-20,0A14H,CTB Multi-Func Input 21 ,,,15,0,43,RLD|DOT0,,,
F10-21,0A15H,CTB Multi-Func Input 22 ,,,16,0,43,RLD|DOT0,,,
F10-22,0A16H,CTB Multi-Func Input 23 ,,,17,0,43,RLD|DOT0,,,
F10-23,0A17H,CTB Multi-Func Input 24 ,,,18,0,43,RLD|DOT0,,,
F10-24,0A18H,CTB Multi-Func Output 1 ,,,1,0,32,RLD|DOT0,,,
F10-25,0A19H,CTB Multi-Func Output 2 ,,,2,0,32,RLD|DOT0,,,
F10-26,0A1AH,CTB Multi-Func Output 3 ,,,3,0,32,RLD|DOT0,,,
F10-27,0A1BH,CTB Multi-Func Output 4 ,,,4,0,32,RLD|DOT0,,,
F10-28,0A1CH,CTB Multi-Func Output 5 ,,,5,0,32,RLD|DOT0,,,
F10-29,0A1DH,CTB Multi-Func Output 6 ,,,6,0,32,RLD|DOT0,,,
F10-30,0A1EH,CTB Multi-Func Output 7 ,,,7,0,32,RLD|DOT0,,,
F10-31,0A1FH,CTB Multi-Func Output 8 ,,,8,0,32,RLD|DOT0,,,
F10-32,0A20H,CTB Multi-Func Output 9 ,,,0,0,32,RLD|DOT0,,,
F10-33,0A21H,CTB Multi-Func Output 10 ,,,0,0,32,RLD|DOT0,,,
F10-34,0A22H,CTB Multi-Func Output 11 ,,,0,0,32,RLD|DOT0,,,
F10-35,0A23H,CTB Multi-Func Output 12 ,,,0,0,32,RLD|DOT0,,,
F10-36,0A24H,CTB Multi-Func Output 13 ,,,0,0,32,RLD|DOT0,,,
F10-37,0A25H,CTB Multi-Func Output 14 ,,,0,0,32,RLD|DOT0,,,
F10-38,0A26H,CTB Multi-Func Output 15 ,,,0,0,32,RLD|DOT0,,,
F10-39,0A27H,CTB Multi-Func Output 16 ,,,0,0,32,RLD|DOT0,,,
F10-40,0A28H,CTB Multi-Func Output 17 ,,,0,0,32,RLD|DOT0,,,
F10-41,0A29H,CTB Multi-Func Output 18 ,,,10,0,32,RLD|DOT0,,,
F10-42,0A2AH,CTB Multi-Func Output 19 ,,,11,0,32,RLD|DOT0,,,
F10-43,0A2BH,CTB Multi-Func Output 20 ,,,12,0,32,RLD|DOT0,,,
F10-44,0A2CH,CTB Multi-Func Output 21 ,,,13,0,32,RLD|DOT0,,,
F10-45,0A2DH,CTB Multi-Func Output 22 ,,,14,0,32,RLD|DOT0,,,
F10-46,0A2EH,CTB Multi-Func Output 23 ,,,15,0,32,RLD|DOT0,,,
F10-47,0A2FH,CTB Multi-Func Output 24 ,,,16,0,32,RLD|DOT0,,,
F10-48,0A30H,CTB Multi-Func Output 25 ,,,17,0,32,RLD|DOT0,,,
F10-49,0A31H,CTB Multi-Input active,,,0,0,65535,RLD|DOT0,,,
F10-50,0A32H,CTB Multi-Input active,,,0,0,65535,RLD|DOT0,,,
F10-51,0A33H,CTB Multi-Output active,,,0,0,65535,RLD|DOT0,,,
F10-52,0A34H,CTB Multi-Input active,,,0,0,65535,RLD|DOT0,,,
*****,*****,11:Protection Parameter,*****,*****,*****,*****,32768,*****,,,
F11-00,0B00H,Brake Check Time,sec,,2,0,10,RLD|WRUN|DOT2,,,
F11-01,0B01H,Contactor Check Time,sec,,0,0,10,RLD|WRUN|DOT2,,,
F11-02,0B02H,SW Braking Level,Vdc,,760,700,900,RLD|WRUN|V440|DOT1,,,
F11-03,0B03H,Low Protect Voltage,,,460,400,500,RLD|WRUN|V440|DOT1,,,
F11-04,0B04H,Phase Lose,,,2,0,2,RLD|WRUN|DOT0,,,
F11-05,0B05H,Current Limit,,,150,0,200,RLD|WRUN|DOT0,,,
F11-06,0B06H,OH Warning Level,,,90,0,110,RLD|WRUN|DOT1,,,
F11-07,0B07H,PTC over Treatment,,,0,0,1,RLD|WRUN|DOT0,,,
F11-08,0B08H,PTC Level,,,50,0,100,RLD|WRUN|DOT1,,,
F11-09,0B09H,PTC Detect Filter Time,,,0.2,0,10,RLD|WRUN|DOT2,,,
F11-10,0B0AH,EPS voltage level,,,96,96,750,RLD|V440|DOT1,,,
F11-11,0B0BH,UPS Capacity,,,0,0,100,RLD|DOT1,,,
F11-12,0B0CH,Output Detection,,,0,0,1,RLD|DOT0,,,
F11-13,0B0DH,Error Option Mode,,,2,0,3,RLD|WRUN|DOT0,,,
F11-14,0B0EH,Torque Prove En,,,0,0,1,RLD|DOT0,,,
F11-15,0B0FH,PG fbk fault treatment,,,2,0,2,RLD|WRUN|DOT0,,,
F11-16,0B10H,PG fbk Error Detection Time,sec,,1,0,10,RLD|WRUN|DOT1,,,
F11-17,0B11H,PG fbk overspeed detection level,,,115,0,120,RLD|WRUN|DOT0,,,
F11-18,0B12H,Overspeed detect time ,,,0.1,0,2,RLD|WRUN|DOT1,,,
F11-19,0B13H,PG fbk Speed deviation level,,,50,0,50,RLD|WRUN|DOT0,,,
F11-20,0B14H,Deviation detect time ,sec,,0.5,0,10,RLD|WRUN|DOT1,,,
F11-21,0B15H,Operation at overspeed,,,2,0,2,RLD|WRUN|DOT0,,,
F11-22,0B16H,Emergency Speed,rpm,,900,0,3000,RLD|WRUN|CHG|DOT0,,,
F11-23,0B17H,Emergency Direction,,,0,0,1,DOT0|WRUN,,,
F11-24,0B18H,Over Protect Voltage,,,830,810,850,RLD|WRUN|DOT1,,,
*****,*****,12:Communication Parameter,*****,*****,*****,*****,32768,*****,,,
F12-00,0C00H,Comm Address,,,1,1,254,RLD|WRUN|DOT0,,,
F12-01,0C01H,KeyPad Baud Rate,kbps,,19.2,4.8,115.2,RLD|WRUN|DOT1,,,
F12-02,0C02H,KeyPad Comm Protocol,,,13,0,17,RLD|WRUN|DOT0,,,
F12-03,0C03H,PC Baud Rate,kbps,,19.2,4.8,115.2,RLD|WRUN|DOT1,,,
F12-04,0C04H,PC Comm Protocol,,,13,0,17,RLD|WRUN|DOT0,,,
F12-05,0C05H,Keypad Comm Fault Treatment,,,3,0,3,RLD|WRUN|DOT0,,,
F12-06,0C06H,KeyPad Comm Timeout,,,0,0,100,RLD|WRUN|DOT1,,,
F12-07,0C07H,PC Comm Fault Treatment,,,3,0,3,RLD|WRUN|DOT0,,,
F12-08,0C08H,PC Comm Timeout,,,0,0,100,RLD|WRUN|DOT1,,,
F12-09,0C09H,ASC Response Delay Time ,,,2,0,200,RLD|WRUN|DOT1,,,
F12-10,0C0AH,CANEN,,,1,0,1,RLD|WRUN|DOT0,,,
F12-11,0C0BH,CANID,,,1,1,255,RLD|WRUN|DOT0,,,
F12-12,0C0CH,CAN Master ID,,,127,1,255,RLD|WRUN|DOT0,,,
F12-13,0C0DH,CANBaud Rate,,,3,1,6,RLD|WRUN|DOT0,,,
F12-14,0C0EH,TPdo1Interval,ms,,10,10,100,RLD|WRUN|DOT0,,,
F12-15,0C0FH,TPdo2Interval,ms,,10,10,100,RLD|WRUN|DOT0,,,
F12-16,0C10H,TPdo3Interval,ms,,10,10,100,RLD|WRUN|DOT0,,,
F12-17,0C11H,TPdo4Interval,ms,,10,10,100,RLD|WRUN|DOT0,,,
F12-18,0C12H,TPdo5Interval,ms,,10,10,100,RLD|WRUN|DOT0,,,
F12-19,0C13H,COnet RPdo TimeOut,ms,,60000,1,65535,RLD|WRUN|DOT0,,,
F12-20,0C14H,RP_TIMEOUT,ms,,2000,0,5000,RLD|WRUN|DOT0,,,
*****,*****,13:Enhance 1,*****,*****,*****,*****,32768,*****,,,
F13-00,0D00H,Power Saving Gain,%,,100,10,1000,RLD|WRUN|DOT0,,,
F13-01,0D01H,V/F Voltage Mode,,,0,0,2,RLD|DOT0,,,
F13-02,0D02H,Constant Torque Selection,,,0,0,1,RLD|WRUN|DOT0,,,
F13-03,0D03H,Auto Accel/Decel,,,0,0,4,RLD|WRUN|DOT0,,,
F13-04,0D04H,Unit for Acc/Dec/S-Curve,,,0,0,1,RLD|DOT0,,,
F13-05,0D05H,Power Save Mode,,,0,0,1,RLD|WRUN|DOT0,,,
F13-06,0D06H,Stop Methods,,,0,0,1,RLD|WRUN|DOT0,,,
F13-07,0D07H,Reverse Operation,,,0,0,2,RLD|WRUN|DOT0,,,
F13-08,0D08H,XXXXX,RPM,,0,0,12000,CHG|RLD|WRUN|DOT0,,,
F13-09,0D09H,XXXXX,RPM,,30,0,12000,CHG|RLD|WRUN|DOT0,,,
F13-10,0D0AH,Multi-Speed 7,RPM,,0,0,12000,CHG|RLD|WRUN|DOT0,,,
F13-11,0D0BH,Multi-Speed 8,RPM,,0,0,12000,CHG|RLD|WRUN|DOT0,,,
F13-12,0D0CH,Multi-Speed 9,RPM,,0,0,12000,CHG|RLD|WRUN|DOT0,,,
F13-13,0D0DH,Multi-Speed 10,RPM,,0,0,12000,CHG|RLD|WRUN|DOT0,,,
F13-14,0D0EH,Multi-Speed 11,RPM,,0,0,12000,CHG|RLD|WRUN|DOT0,,,
F13-15,0D0FH,Multi-Speed 12,RPM,,0,0,12000,CHG|RLD|WRUN|DOT0,,,
F13-16,0D10H,Multi-Speed 13,RPM,,0,0,12000,CHG|RLD|WRUN|DOT0,,,
F13-17,0D11H,Multi-Speed 14,RPM,,0,0,12000,CHG|RLD|WRUN|DOT0,,,
F13-18,0D12H,Multi-Speed 15,RPM,,0,0,12000,CHG|RLD|WRUN|DOT0,,,
F13-19,0D13H,DCI Start Freq,RPM,,0,0,12000,CHG|RLD|WRUN|DOT0,,,
F13-20,0D14H,DCI Voltage Gain ,,,50,1,500,RLD|WRUN|DOT0,,,
F13-21,0D15H,Emergency/Forced Stop selection,,,0,0,5,RLD|WRUN|DOT0,,,
F13-22,0D16H,Up/Down Key mode,,,0,0,1,RLD|WRUN|DOT0,,,
F13-23,0D17H,Up/Down Key speed,,,0.01,0.01,1,RLD|WRUN|DOT2,,,
F13-24,0D18H,Counter Values Achieve the Pre-Set Values,,,0,0,65500,RLD|WRUN|DOT0,,,
F13-25,0D19H,Designated counter value Achieved,,,0,0,65500,RLD|WRUN|DOT0,,,0
F13-26,0D1AH,DFM Output Gain,,,1,1,40,RLD|WRUN|DOT0,,,
F13-27,0D1BH,External Terminals RUN after Fault Rest,,,1,0,1,RLD|WRUN|DOT0,,,
F13-28,0D1CH,,,,0,0,1,RLD|WRUN|DOT0,,,
F13-29,0D1DH,Addition Function of Analog Inputs,,,0,0,1,RLD|WRUN|DOT0,,,
F13-30,0D1EH,Coreloss of output Power,%,,10,0,250,WRUN|DOT0,,,
F13-31,0D1FH,Upper Bound Freq.,RPM,,12000,0,12000,CHG|RLD|WRUN|DOT0,,,
F13-32,0D20H,Lower Bound Freq.,RPM,,0,0,12000,CHG|RLD|WRUN|DOT0,,,
F13-33,0D21H,2nd Acceleration time,sec,,20,0,6000,RLD|WRUN|DOT1,,,
F13-34,0D22H,3rd Acceleration time,sec,,20,0,6000,RLD|WRUN|DOT1,,,
F13-35,0D23H,3rd Deceleration time,sec,,20,0,6000,RLD|WRUN|DOT1,,,
F13-36,0D24H,4th Acceleration time,sec,,20,0,6000,RLD|WRUN|DOT1,,,
F13-37,0D25H,4th Deceleration time,sec,,20,0,6000,RLD|WRUN|DOT1,,,
F13-38,0D26H,JOG Acceleration time,sec,,10,0,6000,RLD|WRUN|DOT1,,,
F13-39,0D27H,JOG Deceleration time,sec,,10,0,6000,RLD|WRUN|DOT1,,,
F13-40,0D28H,JOG Frequency,RPM,,180,0,12000,CHG|RLD|WRUN|DOT0,,,
F13-41,0D29H,ACC/DEC 1 to 4 Frequency Transition,RPM,,0,0,12000,CHG|RLD|WRUN|DOT0,,,
F13-42,0D2AH,Zero Speed Select Fcmd<Fmin ,,,1,0,2,RLD|DOT0,,,
F13-43,0D2BH,Landing Frequency,RPM,,0,0,12000,CHG|RLD|WRUN|DOT0,,,
F13-44,0D2CH,Landing S curve time,sec,,10,0,250,RLD|WRUN|DOT1,,,
F13-45,0D2DH,Motor Selection 1or 2 ,,,1,1,2,RLD|DOT0,,,
F13-46,0D2EH,Y-D Switch FREQ.,Hz,,60,0,400,RLD|WRUN|DOT2,,,
F13-47,0D2FH,Y-D Switch Enable ,,,0,0,1,RLD|DOT0,,,
F13-48,0D30H,Oc stall during Accel,%,,0,0,200,RLD|WRUN|DOT0,,,
F13-49,0D31H,Oc stall during Op,%,,0,0,200,RLD|WRUN|DOT0,,,
F13-50,0D32H,Stall preventation Accel/Decel time selection at normal speed,,,0,0,5,RLD|WRUN|DOT0,,,
F13-51,0D33H,OT1 selection,,,0,0,4,RLD|WRUN|DOT0,,,
F13-52,0D34H,Over-Torque Level 1,%,,150,10,200,RLD|WRUN|DOT0,,,
F13-53,0D35H,Over-Torque Time 1,sec ,,0.1,0.1,60,RLD|WRUN|DOT1,,,
F13-54,0D36H,OT2 selection,,,0,0,4,RLD|WRUN|DOT0,,,
F13-55,0D37H,Over-Torque Level 2,%,,150,10,200,RLD|WRUN|DOT0,,,
F13-56,0D38H,Over-Torque Time 2,sec,,0.1,0.1,60,RLD|WRUN|DOT1,,,
F13-57,0D39H,Y-Delta On Delay Time,sec,,0.2,0,60,RLD|WRUN|DOT3,,,
F13-58,0D3AH,Ov stall level,,,0,0,900,RLD|WRUN|V440|DOT1,,,
F13-59,0D3BH,Thermal Relay 2 Selection,,,2,0,2,RLD|WRUN|DOT0,,,
F13-60,0D3CH,Thermal Relay 2 Time,sec,,60,30,600,RLD|WRUN|DOT1,,,
F13-61,0D3DH,Re-start after Momentary Power loss,,,0,0,2,RLD|WRUN|DOT0,,,
F13-62,0D3EH,Max. allowable Power loss Time,sec,,2,0.1,5,RLD|WRUN|DOT1,,,
F13-63,0D3FH,BB Time for speed search,sec,,0.5,0.1,5,RLD|WRUN|DOT1,,,
F13-64,0D40H,Current level for SPD search,%,,150,20,200,RLD|WRUN|DOT0,,,
F13-65,0D41H,bb treatment ,,,0,0,2,RLD|WRUN|DOT0,,,
F13-66,0D42H,Auto restart after fault,,,0,0,10,RLD|WRUN|DOT0,,,
F13-67,0D43H,Speed search at start,,,0,0,3,RLD|WRUN|DOT0,,,
F13-68,0D44H,Deceleration Energy Backup at Momertary Power loss ,,,0,0,6,RLD|WRUN|DOT0,,,
F13-69,0D45H,DEB Return Time,sec,,0,0,25,RLD|WRUN|DOT1,,,
F13-70,0D46H,PID feedback selection,,,0,0,6,RLD|WRUN|DOT0,,,
F13-71,0D47H,P gain of PID,,,80,0,500,RLD|WRUN|DOT1,,,
F13-72,0D48H,I gain of PID,sec,,1,0,100,RLD|WRUN|DOT2,,,
F13-73,0D49H,D gain of PID,,,0,0,1,RLD|WRUN|DOT2,,,
F13-74,0D4AH,Upper bound for integral,%,,100,0,100,RLD|WRUN|DOT1,,,
F13-75,0D4BH,PID output freq. Limit,%,,100,0,110,RLD|WRUN|DOT1,,,
F13-76,0D4CH,PID Offset,,,0,-100,100,SIGN|RLD|WRUN|DOT1,,,
F13-77,0D4DH,Derivative Filter Time Constant,sec,,0,0,2.5,RLD|WRUN|DOT1,,,
F13-78,0D4EH,Feedback signal detection Time,sec,,0,0,3600,RLD|WRUN|DOT1,,,
F13-79,0D4FH,PID 4-20mA feedback signal loss,,,0,0,3,RLD|WRUN|DOT0,,,
F13-80,0D50H,Sleep Frequency,Hz,,0,0,60,RLD|WRUN|DOT2,,,
F13-81,0D51H,Wake up Frequency,Hz,,0,0,60,RLD|WRUN|DOT2,,,
F13-82,0D52H,Sleep Time,sec,,0,0,60,RLD|WRUN|DOT2,,,
F13-83,0D53H,PID deviation level,%,,10,1,50,RLD|WRUN|DOT1,,,
F13-84,0D54H,PID deviation Time,sec,,5,0.1,300,RLD|WRUN|DOT1,,,
F13-85,0D55H,PID fbk filter,sec,,5,0.1,300,RLD|WRUN|DOT1,,,
F13-86,0D56H,Comm. Main Freq.,Hz,,60,0,400,RLD|WRUN|DOT2,,,
F13-87,0D57H,Dwell Time at Accel.,sec,,0,0,600,RLD|WRUN|DOT2,,,
F13-88,0D58H,Dwell Frequency at Accel.,RPM,,0,0,12000,CHG|RLD|WRUN|DOT0,,,
F13-89,0D59H,Dwell Time at Decel.,sec,,0,0,600,RLD|WRUN|DOT2,,,
F13-90,0D5AH,Dwell Frequency at Decel.,RPM,,0,0,12000,CHG|RLD|WRUN|DOT0,,,
F13-91,0D5BH,Thermal Relay 1 Selection,,,2,0,2,RLD|DOT0,,,
F13-92,0D5CH,Thermal Relay 1 Time,sec,,60,30,600,RLD|WRUN|DOT1,,,
F13-93,0D5DH,Stall preventation Limit Level,%,,50,0,100,RLD|WRUN|DOT0,,,
F13-94,0D5EH,XXXXX,,,0,0,655.35,RLD|WRUN|DOT2,,,
F13-95,0D5FH,XXXXX,,,0,0,655.35,RLD|WRUN|DOT2,,,
F13-96,0D60H,Speed Unit Select,,,3,0,4,RLD|WRUN|DOT0,,,
F13-97,0D61H,PG Reference Input,,,0,0,4,RLD|WRUN|DOT0,,,
F13-98,0D62H,PG Electrical Gear A,,,100,1,5000,RLD|WRUN|DOT0,,,
F13-99,0D63H,PG Electrical Gear B,,,100,1,5000,RLD|WRUN|DOT0,,,
*****,*****,14:Enhance 2,*****,*****,*****,*****,*****,*****,,,
F14-00,0E00H,PG Position Control Point ,,,0,0,65536,RLD|WRUN|DOT0,,,
F14-01,0E01H,Range for PG Position Attained ,,,10,0,20000,RLD|WRUN|DOT0,,,
F14-02,0E02H,Gain of APR feedforward,,,30,0,100,RLD|WRUN|DOT0,,,
F14-03,0E03H,Decelerate time of APR,sec,,30,0.1,6000,RLD|WRUN|DOT1,,,
F14-04,0E04H,FMax Target by Vcommand Position,Hz,,50,0,400,RLD|WRUN|DOT2,,,
F14-05,0E05H,position acc time,,,1,0,655.35,RLD|WRUN|DOT2,,,
F14-06,0E06H,PG Mechanical Gear A,,,100,1,5000,RLD|WRUN|DOT0,,,
F14-07,0E07H,PG Mechanical Gear B,,,100,1,5000,RLD|WRUN|DOT0,,,
F14-08,0E08H,System Jm,,,400,0,65535,RLD|READ|WRUN|DOT0,,,
F14-09,0E09H,Motor 1 IdsRef Limit,%,,90,0,200,RLD|WRUN|DOT0,,,
F14-10,0E0AH,Motor 2 IdsRef Limit,%,,90,0,200,RLD|WRUN|DOT0,,,
F14-11,0E0BH,Phase loss TimePHL_T,sec,,0.2,0.01,600,RLD|WRUN|DOT2,,,
F14-12,0E0CH,Thermo inside Temp,C,,95,20,110,RLD|WRUN|DOT1,,,
F14-13,0E0DH,Speed feed forword,%,,65,10,150,RLD|WRUN|DOT0,,,
F14-14,0E0EH,Compensation Gain of Slip Generation,,,1,0,1,RLD|WRUN|DOT2,,,
F14-15,0E0FH,PG2 Command LPF,sec,,0.1,0,65.535,RLD|WRUN|DOT3,,,
F14-16,0E10H,Tension of Torque Control,,,0,0,655.35,RLD|DOT2,,,
F14-17,0E11H,Diameter of Material,,,0,0,655.35,RLD|DOT2,,,
F14-18,0E12H,Depth of Material,,,0,0,655.35,RLD|DOT2,,,
F14-19,0E13H,Safety Relay record,,,65535,0,65535,READ|DOT0,,,
F14-20,0E14H,Interval between inject pulse time,,,300,0,65535,RLD|DOT0,,,
F14-21,0E15H,Standstill pulse duty,,,0,0,65535,RLD|DOT0,,,
F14-22,0E16H,Phase Loss Hour,,,0,0,65535,READ|DOT0,,,
F14-23,0E17H,Time of APR Curve,,,3,0,655.35,RLD|WRUN|DOT2,,,
F14-24,0E18H,Jm_SELECT,,,0,0,65535,RLD|WRUN|DOT0,,,
F14-25,0E19H,Level of Phase Loss,,,60,0,320,RLD|WRUN|V440|DOT1,,,
F14-26,0E1AH,MI_STATE,,,0x0000,0x0000,0xFFFF,RLD|WRUN|DOT0|DPH,,,
F14-27,0E1BH,STtune Current,Amps,,0,0,655.35,RLD|WRUN|DOT2,,,
F14-28,0E1CH,Division  factor of PG fbk,,,1,1,255,RLD|WRUN|DOT0,,,
F14-29,0E1DH,Netch filter deep,,,0,0,20,RLD|WRUN|DOT0,,,
F14-30,0E1EH,Netch filter frequency,,,0,0,200,RLD|WRUN|DOT2,,,
F14-31,0E1FH,ACI Selection,,,0,0,10,RLD|WRUN|DOT0,,,
F14-32,0E20H,AUI2 Selection,,,0,0,10,RLD|WRUN|DOT0,,,
F14-33,0E21H,ACI input Bias,,,0,-100,100,SIGN|RLD|WRUN|DOT1,,,
F14-34,0E22H,AUI2 input Bias,,,0,-100,100,SIGN|RLD|WRUN|DOT1,,,
F14-35,0E23H,AUI1 input Polarity,,,0,0,4,RLD|WRUN|DOT0,,,
F14-36,0E24H,ACI input Polarity,,,0,0,1,RLD|WRUN|DOT0,,,
F14-37,0E25H,AUI2 input Polarity,,,0,0,4,RLD|WRUN|DOT0,,,
F14-38,0E26H,ACI input Gain,,,100,0,500,SIGN|RLD|WRUN|DOT1,,,
F14-39,0E27H,AUI2 input Gain,,,100,-500,500,SIGN|RLD|WRUN|DOT1,,,
F14-40,0E28H,AUI1 Input Low pass filter Time ,,,0.01,0,2,RLD|WRUN|DOT2,,,
F14-41,0E29H,ACI Input Low pass filter Time ,,,0.01,0,2,RLD|WRUN|DOT2,,,
F14-42,0E2AH,AUI2 Input Low pass filter Time ,,,0.01,0,2,RLD|WRUN|DOT2,,,
F14-43,0E2BH,Loss of ACI,,,0,0,3,RLD|WRUN|DOT0,,,
F14-44,0E2CH,Analog 1 output setting,,,0,0,20,RLD|WRUN|DOT0,,,
F14-45,0E2DH,Analog 1 output Gain,,,100,0,200,RLD|WRUN|DOT1,,,
F14-46,0E2EH,Analog 1 output value in minus value,,,0,0,2,RLD|WRUN|DOT0,,,
F14-47,0E2FH,Analog 2 output setting ,,,0,0,20,RLD|WRUN|DOT0,,,
F14-48,0E30H,Analog 2 output Gain,%,,100,0,200,RLD|WRUN|DOT1,,,
F14-49,0E31H,Analog 2 output value in minus value,,,0,0,2,RLD|WRUN|DOT0,,,
F14-50,0E32H,AUI1 Input Polar,,,0,0,1,RLD|DOT0,,,
F14-51,0E33H,AUI2 Input Polar,,,0,0,1,RLD|DOT0,,,
F14-52,0E34H,1st Fault Time(MIN),,,0,0,65535,READ|DOT0,,,
F14-53,0E35H,1st Fault Time(DAY),,,0,0,65535,READ|DOT0,,,
F14-54,0E36H,2nd Fault Time(MIN),,,0,0,65535,READ|DOT0,,,
F14-55,0E37H,2nd Fault Time(DAY),,,0,0,65535,READ|DOT0,,,
F14-56,0E38H,3rd Fault Time(MIN),,,0,0,65535,READ|DOT0,,,
F14-57,0E39H,3rd Fault Time(DAY),,,0,0,65535,READ|DOT0,,,
F14-58,0E3AH,4th Fault Time(MIN),,,0,0,65535,READ|DOT0,,,
F14-59,0E3BH,4th Fault Time(DAY),,,0,0,65535,READ|DOT0,,,
F14-60,0E3CH,5th Fault Time(MIN),,,0,0,65535,READ|DOT0,,,
F14-61,0E3DH,5th Fault Time(DAY),,,0,0,65535,READ|DOT0,,,
F14-62,0E3EH,6th Fault Time(MIN),,,0,0,65535,READ|DOT0,,,
F14-63,0E3FH,6th Fault Time(DAY),,,0,0,65535,READ|DOT0,,,
F14-64,0E40H,1st Fault Record,,,0,0,65535,READ|DOT0,,,
F14-65,0E41H,2nd Fault Record,,,0,0,65535,READ|DOT0,,,
F14-66,0E42H,3rd Fault Record,,,0,0,65535,READ|DOT0,,,
F14-67,0E43H,4th Fault Record,,,0,0,65535,READ|DOT0,,,
F14-68,0E44H,5th Fault Record,,,0,0,65535,READ|DOT0,,,
F14-69,0E45H,6th Fault Record,,,0,0,65535,READ|DOT0,,,
F14-70,0E46H,Start up Display,,,0,0,4,RLD|WRUN|DOT0,,,
F14-71,0E47H,User Display,,,0,0,34,RLD|WRUN|DOT0,,,
F14-72,0E48H,User Coefficient,,,0,0,39999,RLD|WRUN|DOT0,,,
F14-73,0E49H,Seq. Start Mode,,,0,0,1,RLD|DOT0,,,
F14-74,0E4AH,Pre-set Arrival Freq 1,RPM,,1800,0,12000,CHG|RLD|WRUN|DOT0,,,
F14-75,0E4BH,Pre-set Arrival Freq 1 Width,RPM,,60,0,12000,CHG|RLD|WRUN|DOT0,,,
F14-76,0E4CH,Pre-set Arrival Freq 2,RPM,,1800,0,12000,CHG|RLD|WRUN|DOT0,,,
F14-77,0E4DH,Pre-set Arrival Freq 2 Width,RPM,,60,0,12000,CHG|RLD|WRUN|DOT0,,,
F14-78,0E4EH,Current Detect ,%,,0,0,100,RLD|WRUN|DOT0,,,
F14-79,0E4FH,Speed Area setting,RPM,,0,0,12000,CHG|RLD|WRUN|DOT0,,,
F14-80,0E50H,FMax Target by Vcommand Position,,,0x0000,0x0000,0xFFFF,S2EEP|RLD|WRUN|DOT0|DPH,,,
F14-81,0E51H,TQREF,,,0,-150,150,SIGN|RLD|WRUN|DOT1,,,
F14-82,0E52H,Source of Torque command ,,,2,0,2,RLD|WRUN|DOT0,,,
F14-83,0E53H,Torque max. level,%,,100,0,300,RLD|WRUN|DOT0,,,
F14-84,0E54H,Torque command filter ,sec,,0,0,1,RLD|WRUN|DOT3,,,
F14-85,0E55H,Speed Limit Selection,,,0,0,1,RLD|DOT0,,,
F14-86,0E56H,Torque Mode +speed limit ,%,,10,0,120,RLD|WRUN|DOT0,,,
F14-87,0E57H,Torque Mode -speed limit ,%,,10,0,120,RLD|WRUN|DOT0,,,
F14-88,0E58H,Source of Torque offset setting,%,,0,0,100,RLD|WRUN|DOT1,,,
F14-89,0E59H,Torque offset level high,%,,30,0,100,RLD|WRUN|DOT1,,,
F14-90,0E5AH,Torque offset level Middle,%,,20,0,100,RLD|WRUN|DOT1,,,
F14-91,0E5BH,Torque offset level Low,%,,10,0,100,RLD|WRUN|DOT1,,,
F14-92,0E5CH,2/3 Wire Control,,,0,0,5,RLD|DOT0,,,
F14-93,0E5DH,Source Of Freq. Command,,,6,1,6,RLD|WRUN|DOT0,,,
F14-94,0E5EH,Source Of Oper. Command,,,2,1,2,RLD|WRUN|DOT0,,,
F14-95,0E5FH,SHEAVE diameter,mm,,400,100,2000,RLD|WRUN|DOT0,,,
F14-96,0E60H,mech gearratio,,,1,1,100,RLD|WRUN|DOT0,,,
F14-97,0E61H,Suspension ratio,,,1,0,1,RLD|WRUN|DOT0,,,
F14-98,0E62H,LPF for Display ,sec,,0.5,0.001,65.535,RLD|WRUN|DOT3,,,
F14-99,0E63H,Protect Bit,,,0x0000,0x0000,0xFFFF,RLD|S2EEP|WRUN|DOT0|DPH,,,
*****,*****,15:Factory Parameter,*****,*****,*****,*****,*****,*****,,,
F15-00,0F00H,Debuger Flag,,,0x0000,0x0000,0xFFFF,RLD|WRUN|DOT0|DPH,,,
F15-01,0F01H,DBC Change Freq.,,,12,0,400,RLD|WRUN|DOT2,,,
F15-02,0F02H,Motor Power Factor * Efficiency,,,95,1,200,WRUN|DOT0,,,
F15-03,0F03H,Z Pulse Tuning Current Level,,,40,0,100,RLD|WRUN|DOT0,,,
F15-04,0F04H,AD value at Rated Current,AMP,,145,0,1023,WRUN|DOT0,,,
F15-05,0F05H,Idcmd Iqcmd LPF,,,100,0,200,WRUN|DOT0,,,
F15-06,0F06H,FACTORY1,,,0,0,65535,WRUN|DOT0,,,
F15-07,0F07H,FACTORY2,,,0,0,65535,WRUN|DOT0,,,
F15-08,0F08H,FACTORY3,,,0,0,65535,WRUN|DOT0,,,
F15-09,0F09H,FACTORY4,,,0,0,65535,WRUN|DOT0,,,
F15-10,0F0AH,PWM_MODE,,,0,0,65535,WRUN|DOT0,,,
F15-11,0F0BH,SKIP_DT,,,0,0,65535,RLD|WRUN|DOT0,,,
F15-12,0F0CH,DCBUS 420.0 VDC ad value,,,1694,220,2441,WRUN|DOT0,,,
F15-13,0F0DH,DCBUS 620.0 VDC ad value,,,2532,1389,3081,WRUN|DOT0,,,
F15-14,0F0EH,DCBUS 780.0 VDC ad value,,,3190,2326,3800,WRUN|DOT0,,,
F15-15,0F0FH,Iq current loop Kp,,,100,0,65535,RLD|WRUN|DOT0,,,
F15-16,0F10H,Iq current loop Ki,,,100,0,65535,RLD|WRUN|DOT0,,,
F15-17,0F11H,Id current loop Kp,,,100,0,65535,RLD|WRUN|DOT0,,,
F15-18,0F12H,Id current loop Ki,,,100,0,65535,RLD|WRUN|DOT0,,,
F15-19,0F13H,Speed slop Control Kp gain ,,,7618,0,65535,RLD|WRUN|DOT0,,,
F15-20,0F14H,Speed slop Control Ki gain,,,30,0,65535,RLD|WRUN|DOT0,,,
F15-21,0F15H,Control Bit+G685,,,0,0,65535,RLD|WRUN|DOT0,,,
F15-22,0F16H,Test Source Value Amp,,,0,0,65535,RLD|WRUN|DOT0,,,
F15-23,0F17H,PG1 High Speed Low pass filter ,,,100,0,2000,RLD|WRUN|DOT0,,,
F15-24,0F18H,PG1 Low Speed Low Pass Filter,,,50,0,2000,RLD|WRUN|DOT0,,,
F15-25,0F19H,Test Source Value Bias,,,0,0,65535,RLD|WRUN|DOT0,,,
F15-26,0F1AH,Estimate J Low pass Filter,,,0.003,0,65.535,RLD|WRUN|DOT3,,,
F15-27,0F1BH,Calibration current REF,,,16384,0,65535,RLD|WRUN|DOT0,,,
F15-28,0F1CH,Calibration P,,,"2000	",0,65535,RLD|WRUN|DOT0,,,
F15-29,0F1DH,Calibration I,,,"500		",0,65535,RLD|WRUN|DOT0,,,
F15-30,0F1EH,DC-Tun current P,,,50,0,65535,RLD|WRUN|DOT0,,,
F15-31,0F1FH,DC-Tun current I,,,150,0,65535,RLD|WRUN|DOT0,,,
F15-32,0F20H,High Freq. Tun P,,,"3500	",0,65535,RLD|WRUN|DOT0,,,
F15-33,0F21H,High Freq. Tun I,,,"0.100		",0,65.535,RLD|WRUN|DOT3,,,
F15-34,0F22H,Gain of Voltage CompensationVCMP_K,,,200,1,300,RLD|WRUN|DOT0,,,
F15-35,0F23H,Gain of no load boost,,,50,0,100,RLD|WRUN|DOT0,,,
F15-36,0F24H,Acceleration AKP,,,5000,1,65535,RLD|DOT0,,,
F15-37,0F25H,Acceleration AKI,,,100,1,65535,RLD|DOT0,,,
F15-38,0F26H,Current loop bandwidth,,,290,0,65535,RLD|WRUN|DOT0,,,
F15-39,0F27H,DBC leading angleDBLEAD2,,,4096,0,65535,WRUN|DOT0,,,
F15-40,0F28H,DBC Lineat RatioDBRATIO2,,,10000,0,65535,WRUN|DOT0,,,
F15-41,0F29H,DBC Coef.DBC1,,,600,0,65535,WRUN|DOT0,,,
F15-42,0F2AH,DBC Dcbus Coef.DBC2,,,90,0,65535,WRUN|DOT0,,,
F15-43,0F2BH,DBC leading angleDBLEAD,,,512,0,65535,WRUN|DOT0,,,
F15-44,0F2CH,DBC Lineat RatioDBRATIO,,,2500,0,65535,WRUN|DOT0,,,
F15-45,0F2DH,RESERVE,,,0,0,65535,RLD|WRUN|DOT0,,,
F15-46,0F2EH,magnitization inductance 1,,,10380,0,65535,RLD|WRUN|DOT0,,,
F15-47,0F2FH,main flux linkage 1,,,8163,0,65535,RLD|WRUN|DOT0,,,
F15-48,0F30H,magnitization inductance 2,,,9817,0,65535,RLD|WRUN|DOT0,,,
F15-49,0F31H,main flux linkage 2,,,13101,0,65535,RLD|WRUN|DOT0,,,
F15-50,0F32H,magnitization inductance 3,,,9235,0,65535,RLD|WRUN|DOT0,,,
F15-51,0F33H,main flux linkage 3,,,14748,0,65535,RLD|WRUN|DOT0,,,
F15-52,0F34H,magnitization inductance 4,,,8192,0,65535,RLD|WRUN|DOT0,,,
F15-53,0F35H,main flux linkage 4,,,16384,0,65535,RLD|WRUN|DOT0,,,
F15-54,0F36H,magnitization inductance 5,,,6678,0,65535,RLD|WRUN|DOT0,,,
F15-55,0F37H,main flux linkage 5,,,22106,0,65535,RLD|WRUN|DOT0,,,
F15-56,0F38H,magnitization inductance 6,,,5150,0,65535,RLD|WRUN|DOT0,,,
F15-57,0F39H,main flux linkage 6,,,31267,0,65535,RLD|WRUN|DOT0,,,
F15-58,0F3AH,magnitization inductance 7,,,1,0.8,655.35,RLD|WRUN|DOT2,,,
F15-59,0F3BH,Current Sensor Zero LPFIZEROLPG,,,33,0,65535,RLD|WRUN|DOT0,,,
F15-60,0F3CH,cosphi LPG,,,0.1,0.001,65.535,RLD|WRUN|DOT3,,,
F15-61,0F3DH,Date Code,,,DateCode,0,65.535,S2EEP|RLD|READ|DOT3,,,
F15-62,0F3EH,calibrate for AUI2 Zero,,,2046,1848,2248,WRUN|DOT0,,,
F15-63,0F3FH,calibrate for AUI2 max,,,4095,3695,4095,WRUN|DOT0,,,
F15-64,0F40H,calibrate for AUI2 min,,,0,0,400,WRUN|DOT0,,,
F15-65,0F41H,calibrate for ACI max,,,4095,3695,4095,WRUN|DOT0,,,
F15-66,0F42H,calibrate for ACI mid,,,2452,2252,2652,WRUN|DOT0,,,
F15-67,0F43H,calibrate for ACI min,,,816,416,1217,WRUN|DOT0,,,
F15-68,0F44H,calibrate for AUI1 Zero,,,2046,1848,2248,WRUN|DOT0,,,
F15-69,0F45H,calibrate for AUI1 max,,,4095,3695,4095,WRUN|DOT0,,,
F15-70,0F46H,calibrate for AUI1 min,,,0,0,400,WRUN|DOT0,,,
F15-71,0F47H,Deceleration DKP,,,5000,0,65535,RLD|DOT0,,,
F15-72,0F48H,Deceleration DKI,,,100,0,65535,RLD|DOT0,,,
F15-73,0F49H,SVC volt Compensation at Low speed ,,,1.5,0,8,RLD|WRUN|DOT2,,,
F15-74,0F4AH,PG loss counter,,,200,0,65535,RLD|WRUN|DOT0,,,
F15-75,0F4BH,Main Frequency,,,60,0,400,RLD|DOT2,,,
F15-76,0F4CH,Power on Counter,,,0,0,65535,READ|DOT0,,,
F15-77,0F4DH,Power on Min.PWR_MIN,,,0,0,65535,READ|DOT0,,,
F15-78,0F4EH,Pwer on DayPWR_DAY,,,0,0,65535,READ|DOT0,,,
F15-79,0F4FH,Fout Record,,,0,0,655.35,READ|DOT2,,,
F15-80,0F50H,Vout Record,,,0,0,6553.5,READ|DOT1,,,
F15-81,0F51H,Dcbus Record,,,0,0,6553.5,READ|DOT1,,,
F15-82,0F52H,Isum Record,,,0,0,655.35,READ|DOT2,,,
F15-83,0F53H,IGBT Temperature Record,,,0,-3276.8,3276.7,READ|SIGN|DOT1,,,
F15-84,0F54H,Fine tune for AUI Zero,,,511.5,462,562,WRUN|DOT1,,,
F15-85,0F55H,Fine tune for AUI max,,,1023,923,1023,WRUN|DOT1,,,
F15-86,0F56H,Fine tune for AUI min,,,0,0,100,WRUN|DOT1,,,
F15-87,0F57H,calibrate for SINI max,,,4095,0,65535,WRUN|DOT0,,,
F15-88,0F58H,calibrate for SIN min,,,0,0,65535,WRUN|DOT0,,,
F15-89,0F59H,calibrate for COS max,,,4095,0,65535,WRUN|DOT0,,,
F15-90,0F5AH,calibrate for COS min,,,0,0,65535,WRUN|DOT0,,,
F15-91,0F5BH,MINI_PULSE,,,2,1,4,WRUN|DOT1,,,
F15-92,0F5CH,Special Fan Control,,,0,0,1,WRUN|DOT0,,,
F15-93,0F5DH,The UVW field which is Z aligned,,,6,0,6,DOT0,,,
F15-94,0F5EH,Fcmd Record,,,0,0,655.35,READ|DOT2,,,
F15-95,0F5FH,Theta Record,,,32767,0,65535,WRUN|DOT0,,,
F15-96,0F60H,Max. DA Value,,,0,0,65535,RLD|WRUN|DOT0,,,
F15-97,0F61H,Min. DA Value,,,0,0,65535,RLD|WRUN|DOT0,,,
F15-98,0F62H,Soft Start Delay Time,,,0.5,0,2,RLD|WRUN|DOT3,,,
F15-99,0F63H,Error Fcmd,,,0,0,655.35,READ|DOT2,,,
F15-100,0F64H,Error Power,,,0,0,655.35,READ|DOT2,,,
F15-101,0F65H,Error Torque,,,0,0,6553.5,READ|DOT1,,,
F15-102,0F66H,Error MI State,,,0x0000,0x0000,0xFFFF,READ|DOT0|DPH,,,
F15-103,0F67H,Error MO State,,,0x0000,0x0000,0xFFFF,READ|DOT0|DPH,,,
F15-104,0F68H,Error Drive State,,,0x0000,0x0000,0xFFFF,READ|DOT0|DPH,,,
F15-105,0F69H,User Password,,,0,0,65535,READ|DOT0,,,
F15-106,0F6AH,Rated Current,AMP,,0 .00,0 .00,655.35,S2EEP|RLD|READ|DOT2,,,
F15-107,0F6BH,The monitoring group boot parameters,,,0,0,65535,READ|DOT0,,,
F15-108,0F6CH,Since the state of learning well,,,0x0000,0x0000,0xFFFF,RLD|DOT0|DPH,,,
F15-109,0F6DH,xternal watchdog control frequency dividing value,,,0,0,65535,WRUN|DOT0,,,
F15-110,0F6EH,Error MI State 2,,,0x0000,0x0000,0xFFFF,READ|DOT0|DPH,,,
F15-111,0F6FH,Error MI State 3,,,0x0000,0x0000,0xFFFF,READ|DOT0|DPH,,,
F15-112,0F70H,The car roof communication forbidding,,,0,0,1,RLD|WRUN|DOT0,,,
F15-113,0F71H,RESERVE,,,0,0,65535,RLD|DOT1,,,
F15-114,0F72H,PT1_Compensation,,,0,-50,200,WRUN|SIGN|DOT1,,,
F15-115,0F73H,PT2_Compensation,,,0,-50,200,WRUN|SIGN|DOT1,,,
F15-116,0F74H,PT3_Compensation,,,0,-50,200,WRUN|SIGN|DOT1,,,
F15-117,0F75H,RelayOn Voltge,,,420,400,500,RLD|WRUN|DOT1,,,
F15-118,0F76H,RelayOff Voltge,,,180,180,300,RLD|WRUN|DOT1,,,
F15-119,0F77H,RESERVE,,,0,0,65535,READ|DOT0,,,
F15-120,0F78H,RESERVE,,,0,0,65535,READ|DOT0,,,
F15-121,0F79H,RESERVE,,,0,0,65535,READ|DOT0,,,
F15-122,0F7AH,RESERVE,,,0,0,65535,READ|DOT0,,,
F15-123,0F7BH,RESERVE,,,0,0,65535,READ|DOT0,,,
F15-124,0F7CH,RESERVE,,,0,0,65535,READ|DOT0,,,
F15-125,0F7DH,RESERVE,,,0,0,65535,READ|DOT0,,,
F15-126,0F7EH,RESERVE,,,0,0,65535,WRUN|DOT0,,,
F15-127,0F7FH,RESERVE,,,0,0,65535,READ|DOT0,,,
*****,*****,16:ControlStatus Parameter,*****,*****,*****,*****,*****,*****,,,
F16-00,2000H,Control,,,0x0000,0x0000,0xFFFF,DOT0|DPH,,,
F16-01,2001H,Comd Freq,,,0,0,65535,DOT0,,,
F16-02,2002H,Rest,,,0x0000,0x0000,0xFFFF,DOT0|DPH,,,
F16-04,2102H,Comd Freq,,,0,0,65535,DOT0,,,
F16-05,2103H,Actu Freq,,,0,0,65535,DOT0,,,
F16-03,2119H,Status,,,0x0000,0x0000,0xFFFF,READ|DOT0|DPH,,,
